"room_type","avg_occupancy_rate"
"Private room","0.55059805457732822414"
"Entire home/apt","0.52846962547313594735"
"Hotel room","0.33095890410958904110"
"Shared room","0.32794520547945205479"
